Product ID,
,
15454-M-TNC-K9,
NCS2K-TNCS-K9,
15454-M-TNCE-K9,
15454-M-TSCE-K9,
NCS2K-TNCS-O-K9,
,
NCS2K-9-SMR17FS,
NCS2K-9-SMR24FS,
NCS2K-9-SMR34FS,
NCS2K-20-SMRFS,
NCS2K-20-SMRFS-CV,
NCS2K-9-SMR17FS-L,
NCS2K-9-SMR24FS-L,
NCS2K-9-SMR34FS-L,
NCS2K-20-SMRFS-L,
L-NCS2K-SMR-FS,
L-NCS2K-SMR-2P,
L-NCS2K-SMR-4P,
NCS2K-16-WXC-FS,
15454-40-SMR1-C,
15454-40-SMR2-C,
,
MF-PPMESH8-5AD,
MF-UPG-4,
mf-deg-5,
MF-MPO-16LC,
NCS2K-MF-MPO-16LC,
NCS2K-MF-2MPO-ADP,
NCS2K-PPMESH8-5AD,
NCS2K-MF-16AE-CFS,
NCS2K-MF-10AD-CFS,
NCS2K-MF-6AD-CFS,
NCS2K-MF-2LC-ADP,
NCS2K-HP-LC-2,
NCS2K-MF-1RU,
NCS2K-MF-6RU,
NCS2K-MF10-6RU,
NCS2K-MF-6RU-CVR,
NCS2K-MF-DEG-5,
NCS2K-MF-DEG-5-CV,
NCS2K-MF-UPG-4,
NCS2K-MF-UPG-4-CV,
NCS2K-MF-16AD-CFS,
NCS2K-MF-4X4-COFS,
NCS2K-MF-MPO-8LC,
NCS2K-MF-M16LC-CV,
NCS2K-MF-MPO-20LC,
NCS2K-MF-2SL-CVR,
NCS2K-MF-COVER,
NCS2K-2RU-COVER,
NCS2K-MPO-LBK,
NCS2K-LC-LBK,
NCS2K-MPO16-LBK,
NCS2K-MF-8X10G-FO,
,
15454-M-100G-LC-C,
15454-OPT-EDFA-17,
15454-OPT-EDFA-24,
NCS2K-EDRA1-26C,
NCS2K-EDRA1-35C,
NCS2K-EDRA2-26C,
NCS2K-EDRA2-35C,
15454-OPT-AMP-C,
15454-OPT-AMP-17C,
15454-M-RAMAN-CTP,
15454-M-RAMAN-COP,
15454-PSM,
,
NCS2K-200G-CK,
NCS2K-MR-MXP-LIC,
L-NCS2K-MRE10-40G,
L-NCS2K-MRE-100G,
NCS2K-200G-CK-C,
L-NCS2K-CK-CL,
L-NCS2K-FS,
L-NCS2K-DQPSK-LH,
L-NCS2K-SD-FEC,
L-NCS2K-SFEC-BPSK,
L-NCS2K-SFEC-16Q,
NCS2K-100G-CK-C,
NCS2K-100ME-CKC,
L-NCS2K-100G-FFU,
L-NCS2K-100G-10G,
NCS2K-400G-XP,
NCS2K-400GXP-L-K9,
L-NCS2K-100G-LIC,
L-NCS2K-WDM-LIC,
L-NCS2K-8QAM,
L-NCS2K-16QAM,
,
NCS2K-16-AD-CCOFS,
15454-AR-XPE,
15454-AR-MXP,
,
,
,
,